{
    "Position": {
        "curScene": "Shop",
        "posX": 379.50238037109375,
        "posY": 767.7483520507813
    }
}
